compound_id,target_id,target_family,pKd,molecular_weight,assay_confidence,assay_type,data_source
CMPD_10401,TRG_2001,Enzyme,8.309,461.36,0.179,Binding Assay,Literature
CMPD_10001,TRG_2001,Enzyme,7.292,243.172,0.542,Functional Assay,ChEMBL
CMPD_10405,TRG_2005,Enzyme,6.733,425.262,0.562,Functional Assay,BindingDB
CMPD_10705,TRG_2005,Enzyme,6.64,424.607,0.616,SPR,ChEMBL
CMPD_10906,TRG_2006,Enzyme,8.159,312.831,0.64,Functional Assay,InHouse
CMPD_10506,TRG_2006,Enzyme,6.855,203.104,0.643,Binding Assay,BindingDB
CMPD_10707,TRG_2007,Enzyme,8.962,209.135,0.729,Functional Assay,InHouse
CMPD_10507,TRG_2007,Enzyme,6.999,390.639,0.511,Binding Assay,BindingDB
CMPD_10810,TRG_2010,Enzyme,7.766,264.229,0.528,Functional Assay,InHouse
CMPD_10811,TRG_2011,Enzyme,8.03,116.292,0.958,Functional Assay,ChEMBL
CMPD_10011,TRG_2011,Enzyme,6.86,366.615,0.489,Binding Assay,ChEMBL
CMPD_10512,TRG_2012,Enzyme,7.072,349.514,0.228,Binding Assay,ChEMBL
CMPD_10313,TRG_2013,Enzyme,8.056,354.156,0.703,Functional Assay,Literature
CMPD_10813,TRG_2013,Enzyme,7.747,422.315,0.792,SPR,Literature
CMPD_10314,TRG_2014,Enzyme,7.981,408.611,0.639,Functional Assay,ChEMBL
CMPD_10814,TRG_2014,Enzyme,7.5,160.965,0.91,SPR,InHouse
CMPD_10614,TRG_2014,Enzyme,7.023,320.774,0.607,SPR,ChEMBL
CMPD_10116,TRG_2016,Enzyme,6.901,336.631,0.817,Binding Assay,BindingDB
CMPD_10716,TRG_2016,Enzyme,6.602,514.92,0.725,Functional Assay,ChEMBL
CMPD_10517,TRG_2017,Enzyme,6.541,326.778,0.581,HTS,ChEMBL
CMPD_10219,TRG_2019,Enzyme,7.317,395.807,0.4,Functional Assay,ChEMBL
CMPD_10121,TRG_2021,Enzyme,6.584,318.533,0.226,Functional Assay,InHouse
CMPD_10523,TRG_2023,Enzyme,7.093,289.54,0.807,HTS,BindingDB
CMPD_10524,TRG_2024,Enzyme,6.939,392.921,0.681,SPR,BindingDB
CMPD_10324,TRG_2024,Enzyme,6.52,438.655,0.299,Binding Assay,ChEMBL
CMPD_10725,TRG_2025,Enzyme,8.703,313.742,0.714,Binding Assay,BindingDB
CMPD_10226,TRG_2026,Enzyme,6.949,421.615,0.489,SPR,ChEMBL
CMPD_10427,TRG_2027,Enzyme,8.702,296.968,0.58,Binding Assay,BindingDB
CMPD_10531,TRG_2031,Enzyme,8.063,415.421,0.65,Binding Assay,InHouse
CMPD_10932,TRG_2032,Enzyme,8.526,176.186,0.836,Binding Assay,ChEMBL
CMPD_10034,TRG_2034,Enzyme,6.688,432.548,0.43,Functional Assay,InHouse
CMPD_10535,TRG_2035,Enzyme,6.972,245.053,0.703,Functional Assay,InHouse
CMPD_10735,TRG_2035,Enzyme,6.721,340.26,0.557,SPR,InHouse
CMPD_10836,TRG_2036,Enzyme,7.795,373.9,0.387,Functional Assay,Literature
CMPD_10437,TRG_2037,Enzyme,7.658,372.32,0.548,Functional Assay,ChEMBL
CMPD_10139,TRG_2039,Enzyme,6.622,365.527,0.535,Binding Assay,InHouse
CMPD_10540,TRG_2040,Enzyme,7.663,354.532,0.957,Functional Assay,BindingDB
CMPD_10240,TRG_2040,Enzyme,6.947,391.827,0.885,Functional Assay,InHouse
CMPD_10441,TRG_2041,Enzyme,8.958,374.786,0.632,Functional Assay,ChEMBL
CMPD_10242,TRG_2042,Enzyme,8.348,348.052,0.735,Binding Assay,InHouse
CMPD_10843,TRG_2043,Enzyme,8.411,296.548,0.458,SPR,Literature
CMPD_10445,TRG_2045,Enzyme,9.389,339.614,0.913,HTS,InHouse
CMPD_10645,TRG_2045,Enzyme,9.237,192.691,0.732,Functional Assay,Literature
CMPD_10245,TRG_2045,Enzyme,8.361,384.906,0.764,Functional Assay,InHouse
CMPD_10748,TRG_2048,Enzyme,8.61,310.892,0.272,Functional Assay,ChEMBL
CMPD_10248,TRG_2048,Enzyme,7.668,399.081,0.517,Functional Assay,ChEMBL
CMPD_10249,TRG_2049,Enzyme,7.662,268.177,0.959,Functional Assay,BindingDB
CMPD_10751,TRG_2051,Enzyme,7.468,208.525,0.838,SPR,InHouse
CMPD_10252,TRG_2052,Enzyme,8.36,381.938,0.749,Binding Assay,Literature
CMPD_10052,TRG_2052,Enzyme,7.115,269.669,0.522,HTS,InHouse
CMPD_10953,TRG_2053,Enzyme,7.654,325.746,0.956,Functional Assay,InHouse
CMPD_10453,TRG_2053,Enzyme,7.599,556.377,0.921,Binding Assay,Literature
CMPD_10053,TRG_2053,Enzyme,7.153,288.576,0.588,HTS,Literature
CMPD_10554,TRG_2054,Enzyme,7.439,361.893,0.648,Binding Assay,ChEMBL
CMPD_10055,TRG_2055,Enzyme,7.773,368.737,0.569,SPR,InHouse
CMPD_10358,TRG_2058,Enzyme,8.39,397.792,0.706,Functional Assay,ChEMBL
CMPD_10261,TRG_2061,Enzyme,6.516,313.289,0.241,Functional Assay,InHouse
CMPD_10062,TRG_2062,Enzyme,9.969,260.182,0.597,SPR,Literature
CMPD_10464,TRG_2064,Enzyme,9.315,298.058,0.738,Binding Assay,Literature
CMPD_10165,TRG_2065,Enzyme,7.98,264.393,0.92,Binding Assay,ChEMBL
CMPD_10366,TRG_2066,Enzyme,8.806,262.298,0.996,HTS,Literature
CMPD_10467,TRG_2067,Enzyme,7.523,288.402,0.891,Binding Assay,BindingDB
CMPD_10568,TRG_2068,Enzyme,7.789,240.65,0.616,Functional Assay,InHouse
CMPD_10868,TRG_2068,Enzyme,6.984,444.991,0.458,Binding Assay,ChEMBL
CMPD_10469,TRG_2069,Enzyme,8.648,225.528,0.718,Binding Assay,BindingDB
CMPD_10270,TRG_2070,Enzyme,7.652,299.955,0.356,Binding Assay,InHouse
CMPD_10471,TRG_2071,Enzyme,7.795,416.682,0.926,SPR,Literature
CMPD_10272,TRG_2072,Enzyme,8.154,389.522,0.671,HTS,BindingDB
CMPD_10273,TRG_2073,Enzyme,6.606,370.854,0.796,SPR,ChEMBL
CMPD_10575,TRG_2075,Enzyme,8.248,142.717,0.496,Binding Assay,Literature
CMPD_10475,TRG_2075,Enzyme,7.186,253.229,0.909,Functional Assay,ChEMBL
CMPD_10675,TRG_2075,Enzyme,6.729,209.139,0.958,Binding Assay,Literature
CMPD_10577,TRG_2077,Enzyme,6.528,381.344,0.534,Functional Assay,ChEMBL
CMPD_10378,TRG_2078,Enzyme,9.907,428.541,0.806,SPR,InHouse
CMPD_10178,TRG_2078,Enzyme,8.515,395.581,0.68,SPR,ChEMBL
CMPD_10678,TRG_2078,Enzyme,8.017,453.18,0.705,Binding Assay,InHouse
CMPD_10478,TRG_2078,Enzyme,6.823,293.599,0.308,HTS,BindingDB
CMPD_10080,TRG_2080,Enzyme,8.988,366.234,0.71,Binding Assay,ChEMBL
CMPD_10581,TRG_2081,Enzyme,6.89,396.343,0.895,Binding Assay,BindingDB
CMPD_10183,TRG_2083,Enzyme,6.92,406.72,0.356,Binding Assay,ChEMBL
CMPD_10684,TRG_2084,Enzyme,8.075,303.558,0.444,HTS,ChEMBL
CMPD_10385,TRG_2085,Enzyme,9.274,545.18,0.435,Binding Assay,BindingDB
CMPD_10485,TRG_2085,Enzyme,7.781,236.903,0.697,Functional Assay,ChEMBL
CMPD_10785,TRG_2085,Enzyme,7.32,327.494,0.804,HTS,ChEMBL
CMPD_10088,TRG_2088,Enzyme,7.352,402.684,0.243,Binding Assay,InHouse
CMPD_10488,TRG_2088,Enzyme,6.737,291.158,0.524,Functional Assay,ChEMBL
CMPD_10390,TRG_2090,Enzyme,6.938,410.714,0.233,Functional Assay,ChEMBL
CMPD_10891,TRG_2091,Enzyme,6.939,320.654,0.621,Functional Assay,Literature
CMPD_10191,TRG_2091,Enzyme,6.743,295.516,0.4,Binding Assay,InHouse
CMPD_10892,TRG_2092,Enzyme,7.879,318.659,0.876,Binding Assay,Literature
CMPD_10996,TRG_2096,Enzyme,6.791,301.058,0.612,HTS,ChEMBL
CMPD_10897,TRG_2097,Enzyme,8.839,471.705,0.887,Binding Assay,ChEMBL
CMPD_10197,TRG_2097,Enzyme,6.9,156.09,0.167,Functional Assay,ChEMBL
CMPD_10998,TRG_2098,Enzyme,9.845,315.656,0.442,SPR,Literature
CMPD_10198,TRG_2098,Enzyme,7.518,223.288,0.762,Binding Assay,ChEMBL
CMPD_10498,TRG_2098,Enzyme,7.124,365.364,0.634,SPR,Literature
CMPD_10799,TRG_2099,Enzyme,8.741,285.18,0.522,Binding Assay,ChEMBL
CMPD_10499,TRG_2099,Enzyme,7.509,325.271,0.638,SPR,InHouse
CMPD_10102,TRG_2002,GPCR,9.663,310.845,0.953,Binding Assay,Literature
CMPD_10502,TRG_2002,GPCR,7.935,406.649,0.582,Binding Assay,BindingDB
CMPD_10904,TRG_2004,GPCR,6.893,255.677,0.354,SPR,BindingDB
CMPD_10605,TRG_2005,GPCR,7.025,373.943,0.431,SPR,ChEMBL
CMPD_10706,TRG_2006,GPCR,7.875,236.531,0.881,SPR,ChEMBL
CMPD_10406,TRG_2006,GPCR,6.633,271.401,0.655,Functional Assay,ChEMBL
CMPD_10607,TRG_2007,GPCR,7.247,474.921,0.333,HTS,ChEMBL
CMPD_10907,TRG_2007,GPCR,7.169,366.093,0.891,Binding Assay,ChEMBL
CMPD_10908,TRG_2008,GPCR,7.549,372.663,0.543,Binding Assay,BindingDB
CMPD_10909,TRG_2009,GPCR,11.274,329.288,0.805,SPR,BindingDB
CMPD_10309,TRG_2009,GPCR,6.879,334.292,0.583,SPR,BindingDB
CMPD_10410,TRG_2010,GPCR,8.504,358.43,0.83,HTS,Literature
CMPD_10310,TRG_2010,GPCR,8.0,344.272,0.707,Binding Assay,Literature
CMPD_10110,TRG_2010,GPCR,7.115,415.639,0.489,Binding Assay,InHouse
CMPD_10712,TRG_2012,GPCR,6.762,304.86,0.79,HTS,InHouse
CMPD_10713,TRG_2013,GPCR,7.053,364.764,0.101,SPR,Literature
CMPD_10415,TRG_2015,GPCR,7.93,385.238,0.61,Functional Assay,ChEMBL
CMPD_10915,TRG_2015,GPCR,6.881,505.114,0.549,Functional Assay,Literature
CMPD_10417,TRG_2017,GPCR,8.164,394.199,0.973,HTS,ChEMBL
CMPD_10019,TRG_2019,GPCR,8.332,352.38,0.193,Functional Assay,BindingDB
CMPD_10319,TRG_2019,GPCR,7.964,377.719,0.421,HTS,BindingDB
CMPD_10819,TRG_2019,GPCR,6.663,291.76,0.736,Functional Assay,BindingDB
CMPD_10921,TRG_2021,GPCR,9.496,389.135,0.6,Functional Assay,ChEMBL
CMPD_10622,TRG_2022,GPCR,7.603,444.856,0.62,Binding Assay,BindingDB
CMPD_10122,TRG_2022,GPCR,6.614,352.3,0.585,HTS,BindingDB
CMPD_10223,TRG_2023,GPCR,7.755,298.245,0.505,Binding Assay,Literature
CMPD_10323,TRG_2023,GPCR,7.496,338.833,0.877,Binding Assay,ChEMBL
CMPD_10823,TRG_2023,GPCR,7.019,286.065,0.637,Functional Assay,ChEMBL
CMPD_10623,TRG_2023,GPCR,6.687,407.516,0.886,SPR,InHouse
CMPD_10924,TRG_2024,GPCR,6.76,382.785,0.752,Binding Assay,ChEMBL
CMPD_10525,TRG_2025,GPCR,7.084,278.123,0.056,Functional Assay,ChEMBL
CMPD_10625,TRG_2025,GPCR,6.627,289.456,0.567,Binding Assay,BindingDB
CMPD_10626,TRG_2026,GPCR,7.75,236.255,0.176,Binding Assay,InHouse
CMPD_10527,TRG_2027,GPCR,6.642,349.27,0.428,SPR,InHouse
CMPD_10328,TRG_2028,GPCR,6.869,300.098,0.818,SPR,Literature
CMPD_10829,TRG_2029,GPCR,8.287,329.812,0.89,HTS,ChEMBL
CMPD_10929,TRG_2029,GPCR,7.92,272.038,0.921,Functional Assay,InHouse
CMPD_10629,TRG_2029,GPCR,7.903,329.933,0.638,SPR,ChEMBL
CMPD_10330,TRG_2030,GPCR,7.107,334.745,0.732,SPR,ChEMBL
CMPD_10831,TRG_2031,GPCR,6.7,224.945,0.805,Functional Assay,InHouse
CMPD_10133,TRG_2033,GPCR,6.746,476.196,0.975,Binding Assay,ChEMBL
CMPD_10135,TRG_2035,GPCR,7.486,372.322,0.556,SPR,BindingDB
CMPD_10935,TRG_2035,GPCR,7.375,342.757,0.661,SPR,Literature
CMPD_10635,TRG_2035,GPCR,7.31,424.227,0.715,Functional Assay,Literature
CMPD_10835,TRG_2035,GPCR,6.705,605.449,0.107,Functional Assay,ChEMBL
CMPD_10236,TRG_2036,GPCR,7.598,297.887,0.879,Functional Assay,ChEMBL
CMPD_10036,TRG_2036,GPCR,6.718,371.364,0.729,SPR,Literature
CMPD_10638,TRG_2038,GPCR,9.014,472.277,0.984,SPR,Literature
CMPD_10538,TRG_2038,GPCR,7.476,301.239,0.399,Binding Assay,ChEMBL
CMPD_10338,TRG_2038,GPCR,6.744,366.088,0.761,Functional Assay,InHouse
CMPD_10738,TRG_2038,GPCR,6.518,268.065,0.563,Binding Assay,Literature
CMPD_10739,TRG_2039,GPCR,7.098,498.327,0.885,HTS,InHouse
CMPD_10740,TRG_2040,GPCR,8.065,447.683,0.628,HTS,Literature
CMPD_10940,TRG_2040,GPCR,6.562,391.048,0.576,HTS,Literature
CMPD_10141,TRG_2041,GPCR,8.49,267.879,0.896,Functional Assay,BindingDB
CMPD_10741,TRG_2041,GPCR,6.908,396.568,0.525,Functional Assay,InHouse
CMPD_10641,TRG_2041,GPCR,6.733,435.801,0.328,Binding Assay,ChEMBL
CMPD_10142,TRG_2042,GPCR,8.41,360.638,0.276,Binding Assay,BindingDB
CMPD_10643,TRG_2043,GPCR,6.927,282.863,0.953,HTS,BindingDB
CMPD_10344,TRG_2044,GPCR,9.526,480.675,0.531,Functional Assay,BindingDB
CMPD_10144,TRG_2044,GPCR,7.301,445.604,0.634,SPR,BindingDB
CMPD_10545,TRG_2045,GPCR,6.704,191.963,0.394,SPR,BindingDB
CMPD_10746,TRG_2046,GPCR,7.097,500.767,0.609,HTS,BindingDB
CMPD_10246,TRG_2046,GPCR,6.934,353.04,0.776,Binding Assay,Literature
CMPD_10448,TRG_2048,GPCR,6.736,427.11,0.75,SPR,ChEMBL
CMPD_10149,TRG_2049,GPCR,9.371,344.74,0.921,Functional Assay,ChEMBL
CMPD_10452,TRG_2052,GPCR,9.81,342.937,0.759,Functional Assay,BindingDB
CMPD_10153,TRG_2053,GPCR,8.815,174.096,0.954,Functional Assay,Literature
CMPD_10253,TRG_2053,GPCR,7.487,401.776,0.828,Binding Assay,InHouse
CMPD_10555,TRG_2055,GPCR,8.751,323.033,0.767,HTS,ChEMBL
CMPD_10955,TRG_2055,GPCR,7.998,220.695,0.547,SPR,BindingDB
CMPD_10059,TRG_2059,GPCR,7.123,332.881,0.908,Binding Assay,ChEMBL
CMPD_10060,TRG_2060,GPCR,6.872,346.043,0.779,HTS,ChEMBL
CMPD_10864,TRG_2064,GPCR,7.606,265.009,0.72,SPR,ChEMBL
CMPD_10965,TRG_2065,GPCR,8.083,369.07,0.141,Functional Assay,BindingDB
CMPD_10466,TRG_2066,GPCR,9.556,352.727,0.193,Binding Assay,ChEMBL
CMPD_10567,TRG_2067,GPCR,7.911,424.746,0.647,SPR,ChEMBL
CMPD_10768,TRG_2068,GPCR,8.978,411.286,0.695,HTS,ChEMBL
CMPD_10268,TRG_2068,GPCR,6.607,468.123,0.371,Functional Assay,Literature
CMPD_10969,TRG_2069,GPCR,7.248,430.084,0.896,SPR,ChEMBL
CMPD_10269,TRG_2069,GPCR,7.175,460.407,0.606,Binding Assay,BindingDB
CMPD_10572,TRG_2072,GPCR,7.753,393.317,0.788,Binding Assay,ChEMBL
CMPD_10375,TRG_2075,GPCR,6.569,430.785,0.705,HTS,BindingDB
CMPD_10578,TRG_2078,GPCR,8.539,231.687,0.73,HTS,BindingDB
CMPD_10978,TRG_2078,GPCR,7.481,478.982,0.923,Functional Assay,BindingDB
CMPD_10980,TRG_2080,GPCR,7.998,481.197,0.309,SPR,InHouse
CMPD_10681,TRG_2081,GPCR,9.006,252.056,0.751,Binding Assay,ChEMBL
CMPD_10582,TRG_2082,GPCR,8.23,359.566,0.716,HTS,InHouse
CMPD_10782,TRG_2082,GPCR,7.399,156.061,0.428,Binding Assay,BindingDB
CMPD_10583,TRG_2083,GPCR,8.962,272.154,0.601,Binding Assay,ChEMBL
CMPD_10184,TRG_2084,GPCR,6.995,342.821,0.857,Functional Assay,ChEMBL
CMPD_10985,TRG_2085,GPCR,8.21,282.54,0.244,SPR,ChEMBL
CMPD_10085,TRG_2085,GPCR,7.561,318.984,0.844,Binding Assay,Literature
CMPD_10987,TRG_2087,GPCR,8.095,335.929,0.754,Binding Assay,InHouse
CMPD_10487,TRG_2087,GPCR,7.784,277.687,0.789,SPR,ChEMBL
CMPD_10787,TRG_2087,GPCR,6.908,391.275,0.702,Functional Assay,Literature
CMPD_10788,TRG_2088,GPCR,7.939,224.996,0.283,Binding Assay,BindingDB
CMPD_10288,TRG_2088,GPCR,7.181,312.584,0.587,HTS,InHouse
CMPD_10392,TRG_2092,GPCR,7.766,358.336,0.569,Functional Assay,BindingDB
CMPD_10893,TRG_2093,GPCR,6.503,276.207,0.785,SPR,InHouse
CMPD_10994,TRG_2094,GPCR,8.153,290.602,0.734,Binding Assay,ChEMBL
CMPD_10696,TRG_2096,GPCR,7.146,340.324,0.588,Functional Assay,InHouse
CMPD_10097,TRG_2097,GPCR,7.748,367.903,0.821,Binding Assay,ChEMBL
CMPD_10699,TRG_2099,GPCR,8.857,315.003,0.606,HTS,ChEMBL
CMPD_10999,TRG_2099,GPCR,8.177,294.606,0.58,Binding Assay,InHouse
CMPD_10700,TRG_2000,IonChannel,7.697,407.791,0.804,HTS,ChEMBL
CMPD_10101,TRG_2001,IonChannel,6.594,307.53,0.329,Binding Assay,InHouse
CMPD_10802,TRG_2002,IonChannel,8.245,268.734,0.795,Functional Assay,ChEMBL
CMPD_10903,TRG_2003,IonChannel,7.323,375.949,0.288,Functional Assay,BindingDB
CMPD_10003,TRG_2003,IonChannel,7.183,398.847,0.918,Binding Assay,InHouse
CMPD_10803,TRG_2003,IonChannel,6.933,354.934,0.605,Binding Assay,BindingDB
CMPD_10103,TRG_2003,IonChannel,6.71,433.533,0.417,Binding Assay,ChEMBL
CMPD_10306,TRG_2006,IonChannel,6.709,432.423,0.711,Binding Assay,BindingDB
CMPD_10510,TRG_2010,IonChannel,6.914,381.086,0.815,HTS,ChEMBL
CMPD_10912,TRG_2012,IonChannel,7.744,419.704,0.478,SPR,ChEMBL
CMPD_10114,TRG_2014,IonChannel,7.289,460.573,0.162,Binding Assay,BindingDB
CMPD_10815,TRG_2015,IonChannel,6.951,269.222,0.703,SPR,BindingDB
CMPD_10816,TRG_2016,IonChannel,6.812,399.532,0.766,Binding Assay,ChEMBL
CMPD_10520,TRG_2020,IonChannel,8.479,296.553,0.908,Functional Assay,ChEMBL
CMPD_10824,TRG_2024,IonChannel,9.294,311.381,0.724,Binding Assay,BindingDB
CMPD_10624,TRG_2024,IonChannel,8.201,429.684,0.905,SPR,InHouse
CMPD_10425,TRG_2025,IonChannel,6.92,353.247,0.936,Binding Assay,ChEMBL
CMPD_10326,TRG_2026,IonChannel,6.574,399.022,0.755,Binding Assay,ChEMBL
CMPD_10327,TRG_2027,IonChannel,8.252,265.727,0.91,Functional Assay,ChEMBL
CMPD_10027,TRG_2027,IonChannel,6.728,311.7,0.719,Binding Assay,Literature
CMPD_10928,TRG_2028,IonChannel,7.282,339.389,0.866,Binding Assay,BindingDB
CMPD_10028,TRG_2028,IonChannel,6.569,450.46,0.765,SPR,BindingDB
CMPD_10229,TRG_2029,IonChannel,8.151,307.181,0.911,Functional Assay,Literature
CMPD_10030,TRG_2030,IonChannel,7.291,335.05,0.81,Functional Assay,ChEMBL
CMPD_10632,TRG_2032,IonChannel,7.117,386.471,0.828,SPR,Literature
CMPD_10533,TRG_2033,IonChannel,6.792,394.625,0.948,Binding Assay,ChEMBL
CMPD_10933,TRG_2033,IonChannel,6.675,417.794,0.802,SPR,Literature
CMPD_10544,TRG_2044,IonChannel,8.86,355.158,0.62,Functional Assay,ChEMBL
CMPD_10345,TRG_2045,IonChannel,6.606,258.292,0.693,Functional Assay,Literature
CMPD_10146,TRG_2046,IonChannel,8.826,305.286,0.822,Functional Assay,ChEMBL
CMPD_10346,TRG_2046,IonChannel,8.298,374.211,0.827,HTS,ChEMBL
CMPD_10848,TRG_2048,IonChannel,8.383,355.428,0.97,Binding Assay,Literature
CMPD_10548,TRG_2048,IonChannel,6.912,253.224,0.435,Functional Assay,BindingDB
CMPD_10949,TRG_2049,IonChannel,7.13,497.055,0.965,Binding Assay,BindingDB
CMPD_10749,TRG_2049,IonChannel,7.038,260.431,0.057,SPR,BindingDB
CMPD_10651,TRG_2051,IonChannel,7.617,415.259,0.441,Functional Assay,ChEMBL
CMPD_10552,TRG_2052,IonChannel,9.801,332.925,0.837,HTS,InHouse
CMPD_10652,TRG_2052,IonChannel,8.139,418.838,0.655,HTS,InHouse
CMPD_10553,TRG_2053,IonChannel,8.603,469.258,0.711,Binding Assay,BindingDB
CMPD_10255,TRG_2055,IonChannel,7.507,475.919,0.309,Binding Assay,BindingDB
CMPD_10956,TRG_2056,IonChannel,7.576,265.705,0.766,SPR,ChEMBL
CMPD_10756,TRG_2056,IonChannel,6.6,391.088,0.693,Functional Assay,Literature
CMPD_10757,TRG_2057,IonChannel,6.749,307.384,0.603,HTS,BindingDB
CMPD_10162,TRG_2062,IonChannel,7.887,402.016,0.787,Functional Assay,BindingDB
CMPD_10862,TRG_2062,IonChannel,6.725,343.629,0.541,HTS,InHouse
CMPD_10363,TRG_2063,IonChannel,6.561,360.046,0.542,Functional Assay,InHouse
CMPD_10565,TRG_2065,IonChannel,6.629,231.208,0.74,Functional Assay,Literature
CMPD_10968,TRG_2068,IonChannel,7.057,365.167,0.592,Binding Assay,InHouse
CMPD_10872,TRG_2072,IonChannel,8.304,365.551,0.799,Functional Assay,ChEMBL
CMPD_10172,TRG_2072,IonChannel,6.562,249.877,0.28,Functional Assay,ChEMBL
CMPD_10673,TRG_2073,IonChannel,7.56,558.135,0.321,SPR,Literature
CMPD_10573,TRG_2073,IonChannel,6.501,410.732,0.398,SPR,Literature
CMPD_10174,TRG_2074,IonChannel,7.455,343.428,0.62,Binding Assay,ChEMBL
CMPD_10274,TRG_2074,IonChannel,7.427,305.976,0.887,Binding Assay,ChEMBL
CMPD_10474,TRG_2074,IonChannel,6.671,448.214,0.889,Functional Assay,ChEMBL
CMPD_10275,TRG_2075,IonChannel,6.938,296.27,0.318,Functional Assay,BindingDB
CMPD_10979,TRG_2079,IonChannel,7.045,455.193,0.325,Binding Assay,BindingDB
CMPD_10382,TRG_2082,IonChannel,7.315,238.834,0.73,HTS,ChEMBL
CMPD_10484,TRG_2084,IonChannel,6.506,363.549,0.257,Binding Assay,InHouse
CMPD_10786,TRG_2086,IonChannel,6.937,355.359,0.523,Functional Assay,ChEMBL
CMPD_10087,TRG_2087,IonChannel,7.194,376.757,0.902,Binding Assay,ChEMBL
CMPD_10287,TRG_2087,IonChannel,6.991,442.866,0.456,Binding Assay,ChEMBL
CMPD_10093,TRG_2093,IonChannel,7.701,291.526,0.451,HTS,ChEMBL
CMPD_10793,TRG_2093,IonChannel,6.866,241.473,0.519,Binding Assay,ChEMBL
CMPD_10295,TRG_2095,IonChannel,6.846,310.499,0.532,SPR,InHouse
CMPD_10695,TRG_2095,IonChannel,6.808,401.862,0.938,Binding Assay,ChEMBL
CMPD_10496,TRG_2096,IonChannel,7.385,535.546,0.838,Functional Assay,Literature
CMPD_10797,TRG_2097,IonChannel,7.9,443.179,0.319,Binding Assay,Literature
CMPD_10697,TRG_2097,IonChannel,7.32,383.563,0.387,HTS,BindingDB
CMPD_10600,TRG_2000,Kinase,9.309,404.234,0.836,Binding Assay,BindingDB
CMPD_10900,TRG_2000,Kinase,8.655,382.298,0.905,Functional Assay,Literature
CMPD_10300,TRG_2000,Kinase,8.415,322.108,0.867,Functional Assay,ChEMBL
CMPD_10400,TRG_2000,Kinase,6.914,364.392,0.712,Binding Assay,BindingDB
CMPD_10100,TRG_2000,Kinase,6.563,552.155,0.8,Binding Assay,BindingDB
CMPD_10201,TRG_2001,Kinase,7.581,384.037,0.87,Binding Assay,ChEMBL
CMPD_10801,TRG_2001,Kinase,7.159,441.891,0.543,Binding Assay,BindingDB
CMPD_10901,TRG_2001,Kinase,7.094,348.064,0.835,HTS,Literature
CMPD_10602,TRG_2002,Kinase,9.356,522.585,0.929,Functional Assay,InHouse
CMPD_10902,TRG_2002,Kinase,7.156,277.704,0.947,SPR,ChEMBL
CMPD_10703,TRG_2003,Kinase,7.111,318.029,0.565,Binding Assay,ChEMBL
CMPD_10704,TRG_2004,Kinase,7.769,367.975,0.422,Binding Assay,BindingDB
CMPD_10005,TRG_2005,Kinase,7.29,436.462,0.562,Functional Assay,BindingDB
CMPD_10105,TRG_2005,Kinase,7.288,497.737,0.931,Binding Assay,Literature
CMPD_10006,TRG_2006,Kinase,8.965,416.714,0.746,SPR,BindingDB
CMPD_10206,TRG_2006,Kinase,6.775,470.272,0.456,SPR,ChEMBL
CMPD_10407,TRG_2007,Kinase,6.629,332.029,0.562,SPR,Literature
CMPD_10108,TRG_2008,Kinase,8.851,397.252,0.515,Binding Assay,BindingDB
CMPD_10209,TRG_2009,Kinase,8.572,352.151,0.598,Binding Assay,Literature
CMPD_10409,TRG_2009,Kinase,7.958,272.532,0.818,HTS,ChEMBL
CMPD_10809,TRG_2009,Kinase,6.621,356.892,0.691,Binding Assay,BindingDB
CMPD_10610,TRG_2010,Kinase,9.423,386.798,0.792,HTS,InHouse
CMPD_10010,TRG_2010,Kinase,6.691,384.369,0.268,HTS,Literature
CMPD_10111,TRG_2011,Kinase,7.25,390.582,0.44,Functional Assay,Literature
CMPD_10812,TRG_2012,Kinase,7.875,384.925,0.292,Functional Assay,ChEMBL
CMPD_10013,TRG_2013,Kinase,9.293,247.86,0.248,Functional Assay,InHouse
CMPD_10515,TRG_2015,Kinase,9.009,342.089,0.435,HTS,BindingDB
CMPD_10215,TRG_2015,Kinase,6.563,327.512,0.162,Binding Assay,BindingDB
CMPD_10318,TRG_2018,Kinase,6.919,423.306,0.37,HTS,InHouse
CMPD_10519,TRG_2019,Kinase,7.445,375.736,0.924,Binding Assay,ChEMBL
CMPD_10919,TRG_2019,Kinase,6.934,364.367,0.531,Functional Assay,ChEMBL
CMPD_10620,TRG_2020,Kinase,9.254,266.247,0.894,HTS,BindingDB
CMPD_10621,TRG_2021,Kinase,9.172,392.932,0.52,Binding Assay,Literature
CMPD_10721,TRG_2021,Kinase,8.391,305.905,0.884,Binding Assay,InHouse
CMPD_10821,TRG_2021,Kinase,8.012,459.99,0.905,Binding Assay,InHouse
CMPD_10021,TRG_2021,Kinase,6.786,308.716,0.822,HTS,InHouse
CMPD_10422,TRG_2022,Kinase,8.686,359.784,0.61,Binding Assay,BindingDB
CMPD_10222,TRG_2022,Kinase,8.0,354.77,0.635,Binding Assay,ChEMBL
CMPD_10722,TRG_2022,Kinase,7.466,284.544,0.788,Binding Assay,ChEMBL
CMPD_10424,TRG_2024,Kinase,10.115,353.909,0.581,SPR,Literature
CMPD_10225,TRG_2025,Kinase,8.388,381.479,0.515,Functional Assay,ChEMBL
CMPD_10528,TRG_2028,Kinase,10.065,436.872,0.849,SPR,ChEMBL
CMPD_10628,TRG_2028,Kinase,9.218,324.186,0.878,Binding Assay,ChEMBL
CMPD_10728,TRG_2028,Kinase,7.701,357.073,0.694,SPR,BindingDB
CMPD_10029,TRG_2029,Kinase,7.74,278.431,0.832,Functional Assay,InHouse
CMPD_10329,TRG_2029,Kinase,7.505,503.123,0.495,SPR,BindingDB
CMPD_10729,TRG_2029,Kinase,6.618,468.202,0.966,Functional Assay,BindingDB
CMPD_10830,TRG_2030,Kinase,10.082,326.655,0.905,Binding Assay,InHouse
CMPD_10131,TRG_2031,Kinase,7.722,367.532,0.871,Binding Assay,ChEMBL
CMPD_10032,TRG_2032,Kinase,7.191,465.758,0.555,Functional Assay,Literature
CMPD_10333,TRG_2033,Kinase,6.8,389.655,0.75,SPR,Literature
CMPD_10934,TRG_2034,Kinase,9.335,307.174,0.917,Binding Assay,ChEMBL
CMPD_10334,TRG_2034,Kinase,6.744,362.034,0.082,Functional Assay,ChEMBL
CMPD_10434,TRG_2034,Kinase,6.722,326.404,0.675,Functional Assay,BindingDB
CMPD_10335,TRG_2035,Kinase,7.149,379.197,0.219,Functional Assay,BindingDB
CMPD_10436,TRG_2036,Kinase,7.69,296.121,0.717,Binding Assay,ChEMBL
CMPD_10936,TRG_2036,Kinase,7.092,376.558,0.505,Functional Assay,BindingDB
CMPD_10637,TRG_2037,Kinase,9.407,371.487,0.654,Binding Assay,BindingDB
CMPD_10537,TRG_2037,Kinase,8.65,325.582,0.719,Binding Assay,Literature
CMPD_10237,TRG_2037,Kinase,6.795,311.289,0.5,Functional Assay,ChEMBL
CMPD_10239,TRG_2039,Kinase,8.672,383.933,0.557,Binding Assay,BindingDB
CMPD_10439,TRG_2039,Kinase,7.227,521.612,0.913,SPR,ChEMBL
CMPD_10040,TRG_2040,Kinase,7.655,308.617,0.759,Functional Assay,BindingDB
CMPD_10840,TRG_2040,Kinase,7.281,359.062,0.773,Functional Assay,ChEMBL
CMPD_10640,TRG_2040,Kinase,7.019,393.064,0.391,SPR,InHouse
CMPD_10440,TRG_2040,Kinase,6.537,254.992,0.987,Binding Assay,Literature
CMPD_10642,TRG_2042,Kinase,8.284,320.804,0.889,Binding Assay,ChEMBL
CMPD_10842,TRG_2042,Kinase,7.513,423.538,0.749,Binding Assay,InHouse
CMPD_10042,TRG_2042,Kinase,6.553,533.912,0.35,SPR,Literature
CMPD_10944,TRG_2044,Kinase,9.585,275.165,0.952,Binding Assay,ChEMBL
CMPD_10644,TRG_2044,Kinase,8.706,266.415,0.776,Functional Assay,BindingDB
CMPD_10145,TRG_2045,Kinase,10.485,228.145,0.969,Binding Assay,Literature
CMPD_10945,TRG_2045,Kinase,7.58,436.879,0.954,SPR,ChEMBL
CMPD_10546,TRG_2046,Kinase,7.776,274.853,0.997,Binding Assay,ChEMBL
CMPD_10846,TRG_2046,Kinase,6.668,314.214,0.78,Functional Assay,BindingDB
CMPD_10347,TRG_2047,Kinase,7.941,289.658,0.32,SPR,InHouse
CMPD_10449,TRG_2049,Kinase,8.073,526.842,0.992,Functional Assay,Literature
CMPD_10850,TRG_2050,Kinase,8.248,388.779,0.898,Functional Assay,ChEMBL
CMPD_10750,TRG_2050,Kinase,7.005,361.271,0.676,Functional Assay,Literature
CMPD_10650,TRG_2050,Kinase,6.581,374.593,0.635,Functional Assay,InHouse
CMPD_10952,TRG_2052,Kinase,7.206,348.446,0.376,Functional Assay,Literature
CMPD_10852,TRG_2052,Kinase,7.035,298.516,0.94,SPR,ChEMBL
CMPD_10152,TRG_2052,Kinase,6.956,234.159,0.498,Binding Assay,ChEMBL
CMPD_10454,TRG_2054,Kinase,10.107,285.706,0.866,Binding Assay,BindingDB
CMPD_10254,TRG_2054,Kinase,7.532,311.345,0.49,Binding Assay,InHouse
CMPD_10354,TRG_2054,Kinase,7.48,330.467,0.139,Binding Assay,ChEMBL
CMPD_10854,TRG_2054,Kinase,6.589,323.218,0.203,HTS,BindingDB
CMPD_10155,TRG_2055,Kinase,8.17,309.836,0.747,Binding Assay,InHouse
CMPD_10655,TRG_2055,Kinase,7.045,372.606,0.752,Functional Assay,InHouse
CMPD_10056,TRG_2056,Kinase,8.996,474.04,0.475,Binding Assay,ChEMBL
CMPD_10456,TRG_2056,Kinase,6.878,484.216,0.798,Binding Assay,BindingDB
CMPD_10957,TRG_2057,Kinase,8.277,264.576,0.514,Functional Assay,InHouse
CMPD_10057,TRG_2057,Kinase,8.01,270.132,0.873,Binding Assay,BindingDB
CMPD_10557,TRG_2057,Kinase,7.221,325.802,0.304,Functional Assay,ChEMBL
CMPD_10158,TRG_2058,Kinase,10.848,369.504,0.352,HTS,InHouse
CMPD_10958,TRG_2058,Kinase,7.021,426.025,0.565,Binding Assay,Literature
CMPD_10960,TRG_2060,Kinase,7.316,341.644,0.985,Binding Assay,ChEMBL
CMPD_10561,TRG_2061,Kinase,6.867,350.244,0.162,Binding Assay,BindingDB
CMPD_10762,TRG_2062,Kinase,8.901,482.901,0.883,Functional Assay,InHouse
CMPD_10562,TRG_2062,Kinase,7.036,384.955,0.516,Binding Assay,BindingDB
CMPD_10962,TRG_2062,Kinase,6.651,355.604,0.747,Binding Assay,BindingDB
CMPD_10764,TRG_2064,Kinase,7.717,301.823,0.527,Binding Assay,BindingDB
CMPD_10664,TRG_2064,Kinase,7.188,381.975,0.988,Binding Assay,Literature
CMPD_10866,TRG_2066,Kinase,8.906,335.028,0.703,Binding Assay,ChEMBL
CMPD_10666,TRG_2066,Kinase,8.701,307.711,0.683,Functional Assay,BindingDB
CMPD_10068,TRG_2068,Kinase,7.472,298.981,0.287,Functional Assay,ChEMBL
CMPD_10668,TRG_2068,Kinase,7.138,449.063,0.764,Binding Assay,Literature
CMPD_10368,TRG_2068,Kinase,7.102,477.56,0.69,Functional Assay,BindingDB
CMPD_10468,TRG_2068,Kinase,6.725,368.703,0.55,Binding Assay,InHouse
CMPD_10369,TRG_2069,Kinase,7.904,282.243,0.99,SPR,ChEMBL
CMPD_10370,TRG_2070,Kinase,6.838,270.689,0.944,Binding Assay,Literature
CMPD_10470,TRG_2070,Kinase,6.644,376.47,0.643,Functional Assay,BindingDB
CMPD_10071,TRG_2071,Kinase,7.415,305.562,0.809,Functional Assay,BindingDB
CMPD_10171,TRG_2071,Kinase,6.971,378.164,0.93,Functional Assay,BindingDB
CMPD_10772,TRG_2072,Kinase,9.114,279.761,0.735,HTS,Literature
CMPD_10472,TRG_2072,Kinase,8.581,190.501,0.477,Binding Assay,BindingDB
CMPD_10072,TRG_2072,Kinase,7.763,299.009,0.918,Binding Assay,ChEMBL
CMPD_10372,TRG_2072,Kinase,7.578,298.883,0.904,Binding Assay,ChEMBL
CMPD_10874,TRG_2074,Kinase,7.311,377.079,0.411,Binding Assay,ChEMBL
CMPD_10374,TRG_2074,Kinase,6.52,481.361,0.54,Functional Assay,InHouse
CMPD_10875,TRG_2075,Kinase,8.759,326.368,0.683,Functional Assay,BindingDB
CMPD_10775,TRG_2075,Kinase,7.887,379.389,0.609,Binding Assay,Literature
CMPD_10175,TRG_2075,Kinase,6.838,439.384,0.316,Binding Assay,ChEMBL
CMPD_10776,TRG_2076,Kinase,8.198,423.087,0.704,Binding Assay,BindingDB
CMPD_10377,TRG_2077,Kinase,8.116,530.195,0.512,Functional Assay,ChEMBL
CMPD_10077,TRG_2077,Kinase,7.455,387.713,0.757,Binding Assay,InHouse
CMPD_10878,TRG_2078,Kinase,7.385,269.477,0.779,Binding Assay,BindingDB
CMPD_10079,TRG_2079,Kinase,7.076,400.635,0.237,SPR,InHouse
CMPD_10879,TRG_2079,Kinase,6.597,441.19,0.532,Binding Assay,Literature
CMPD_10380,TRG_2080,Kinase,6.978,150.048,0.853,Binding Assay,ChEMBL
CMPD_10682,TRG_2082,Kinase,6.885,333.278,0.463,Binding Assay,ChEMBL
CMPD_10083,TRG_2083,Kinase,8.29,493.67,0.972,Binding Assay,BindingDB
CMPD_10283,TRG_2083,Kinase,6.822,210.823,0.227,Binding Assay,ChEMBL
CMPD_10784,TRG_2084,Kinase,7.78,408.948,0.753,SPR,ChEMBL
CMPD_10885,TRG_2085,Kinase,7.647,348.171,0.782,Binding Assay,InHouse
CMPD_10586,TRG_2086,Kinase,9.14,347.816,0.502,Binding Assay,InHouse
CMPD_10486,TRG_2086,Kinase,6.676,341.102,0.834,SPR,ChEMBL
CMPD_10387,TRG_2087,Kinase,8.251,395.113,0.194,Binding Assay,Literature
CMPD_10887,TRG_2087,Kinase,6.568,309.618,0.95,Binding Assay,ChEMBL
CMPD_10588,TRG_2088,Kinase,8.047,314.537,0.224,HTS,ChEMBL
CMPD_10988,TRG_2088,Kinase,6.847,359.856,0.213,Functional Assay,InHouse
CMPD_10589,TRG_2089,Kinase,6.796,279.216,0.8,Binding Assay,Literature
CMPD_10889,TRG_2089,Kinase,6.726,393.739,0.798,Binding Assay,ChEMBL
CMPD_10189,TRG_2089,Kinase,6.56,235.538,0.892,Binding Assay,BindingDB
CMPD_10790,TRG_2090,Kinase,8.676,413.541,0.383,Binding Assay,Literature
CMPD_10190,TRG_2090,Kinase,7.194,360.248,0.618,SPR,InHouse
CMPD_10291,TRG_2091,Kinase,8.7,388.163,0.984,Binding Assay,BindingDB
CMPD_10592,TRG_2092,Kinase,7.592,240.248,0.818,Binding Assay,InHouse
CMPD_10493,TRG_2093,Kinase,7.263,324.687,0.442,Binding Assay,ChEMBL
CMPD_10694,TRG_2094,Kinase,7.213,287.208,0.553,HTS,ChEMBL
CMPD_10794,TRG_2094,Kinase,7.202,387.314,0.584,Binding Assay,ChEMBL
CMPD_10294,TRG_2094,Kinase,7.074,429.701,0.544,Functional Assay,ChEMBL
CMPD_10995,TRG_2095,Kinase,8.213,244.398,0.625,SPR,ChEMBL
CMPD_10895,TRG_2095,Kinase,7.5,324.214,0.767,Binding Assay,BindingDB
CMPD_10597,TRG_2097,Kinase,6.847,433.192,0.497,Functional Assay,BindingDB
CMPD_10997,TRG_2097,Kinase,6.835,347.037,0.58,HTS,Literature
CMPD_10297,TRG_2097,Kinase,6.635,315.751,0.433,SPR,InHouse
CMPD_10898,TRG_2098,Kinase,8.66,429.865,0.763,HTS,BindingDB
CMPD_10698,TRG_2098,Kinase,8.349,279.001,0.846,Binding Assay,BindingDB
CMPD_10598,TRG_2098,Kinase,8.071,301.551,0.691,Binding Assay,BindingDB
CMPD_10599,TRG_2099,Kinase,8.152,496.081,0.725,Binding Assay,ChEMBL
CMPD_10099,TRG_2099,Kinase,7.977,445.071,0.93,Binding Assay,BindingDB
CMPD_10800,TRG_2000,Transporter,7.177,366.046,0.478,Binding Assay,InHouse
CMPD_10304,TRG_2004,Transporter,7.878,380.555,0.472,Binding Assay,Literature
CMPD_10509,TRG_2009,Transporter,8.093,177.769,0.622,Functional Assay,ChEMBL
CMPD_10211,TRG_2011,Transporter,9.037,186.661,0.529,Functional Assay,ChEMBL
CMPD_10212,TRG_2012,Transporter,7.993,330.226,0.25,HTS,ChEMBL
CMPD_10315,TRG_2015,Transporter,7.445,343.543,0.748,SPR,BindingDB
CMPD_10918,TRG_2018,Transporter,6.9,391.113,0.372,Functional Assay,BindingDB
CMPD_10420,TRG_2020,Transporter,7.503,360.018,0.964,Binding Assay,BindingDB
CMPD_10321,TRG_2021,Transporter,7.461,118.3,0.611,Binding Assay,InHouse
CMPD_10923,TRG_2023,Transporter,7.101,438.776,0.324,HTS,Literature
CMPD_10325,TRG_2025,Transporter,7.636,266.808,0.879,Binding Assay,InHouse
CMPD_10627,TRG_2027,Transporter,6.662,470.107,0.41,Functional Assay,InHouse
CMPD_10828,TRG_2028,Transporter,9.37,375.846,0.82,Functional Assay,ChEMBL
CMPD_10230,TRG_2030,Transporter,6.666,455.392,0.952,Functional Assay,Literature
CMPD_10534,TRG_2034,Transporter,6.527,350.828,0.634,SPR,InHouse
CMPD_10438,TRG_2038,Transporter,7.631,283.172,0.441,SPR,ChEMBL
CMPD_10841,TRG_2041,Transporter,7.906,234.938,0.583,Binding Assay,InHouse
CMPD_10742,TRG_2042,Transporter,6.996,331.881,0.755,Functional Assay,ChEMBL
CMPD_10647,TRG_2047,Transporter,8.576,261.743,0.338,Binding Assay,Literature
CMPD_10547,TRG_2047,Transporter,7.517,338.473,0.875,Binding Assay,BindingDB
CMPD_10447,TRG_2047,Transporter,6.533,338.24,0.331,SPR,InHouse
CMPD_10450,TRG_2050,Transporter,8.128,305.401,0.858,Functional Assay,InHouse
CMPD_10352,TRG_2052,Transporter,6.524,479.097,0.894,Binding Assay,InHouse
CMPD_10755,TRG_2055,Transporter,6.975,222.424,0.432,Functional Assay,Literature
CMPD_10157,TRG_2057,Transporter,10.036,406.669,0.905,Binding Assay,Literature
CMPD_10257,TRG_2057,Transporter,9.417,232.85,0.2,Binding Assay,ChEMBL
CMPD_10558,TRG_2058,Transporter,6.98,318.946,0.304,HTS,InHouse
CMPD_10759,TRG_2059,Transporter,7.241,120.219,0.65,SPR,BindingDB
CMPD_10860,TRG_2060,Transporter,7.874,351.938,0.451,SPR,ChEMBL
CMPD_10966,TRG_2066,Transporter,6.761,428.016,0.72,Binding Assay,ChEMBL
CMPD_10267,TRG_2067,Transporter,8.451,223.889,0.401,HTS,ChEMBL
CMPD_10970,TRG_2070,Transporter,7.226,133.741,0.783,HTS,ChEMBL
CMPD_10571,TRG_2071,Transporter,7.087,205.842,0.962,Functional Assay,InHouse
CMPD_10972,TRG_2072,Transporter,6.986,297.674,0.388,HTS,Literature
CMPD_10774,TRG_2074,Transporter,8.289,331.882,0.758,Binding Assay,ChEMBL
CMPD_10276,TRG_2076,Transporter,7.453,347.956,0.581,Binding Assay,Literature
CMPD_10176,TRG_2076,Transporter,6.771,377.418,0.557,Binding Assay,InHouse
CMPD_10777,TRG_2077,Transporter,6.798,285.746,0.353,Binding Assay,Literature
CMPD_10778,TRG_2078,Transporter,7.169,469.415,0.694,Binding Assay,BindingDB
CMPD_10279,TRG_2079,Transporter,11.179,320.351,0.672,Functional Assay,InHouse
CMPD_10981,TRG_2081,Transporter,7.218,409.37,0.086,Binding Assay,ChEMBL
CMPD_10381,TRG_2081,Transporter,7.079,533.275,0.884,Functional Assay,InHouse
CMPD_10185,TRG_2085,Transporter,7.031,465.209,0.895,Functional Assay,InHouse
CMPD_10986,TRG_2086,Transporter,7.119,523.675,0.557,SPR,BindingDB
CMPD_10688,TRG_2088,Transporter,6.763,254.329,0.754,HTS,ChEMBL
CMPD_10092,TRG_2092,Transporter,7.247,239.654,0.863,Functional Assay,Literature
CMPD_10393,TRG_2093,Transporter,7.299,344.993,0.882,HTS,ChEMBL
CMPD_10596,TRG_2096,Transporter,7.358,296.474,0.757,Functional Assay,Literature
CMPD_10798,TRG_2098,Transporter,9.218,291.233,0.744,Functional Assay,BindingDB
CMPD_10199,TRG_2099,Transporter,6.862,410.833,0.236,Functional Assay,Literature
